{"position":{"latitude_deg":37.413489299999995,"longitude_deg":-121.9965745,"absolute_altitude_m":37.84600067138672,"relative_altitude_m":-0.5920000076293945},"battery":{"remaining_percent":50.0},"in_air":false,"captured_at":"2026-07-19T17:16:06.170992Z"}