{"position":{"latitude_deg":37.4135695,"longitude_deg":-121.99656619999999,"absolute_altitude_m":38.454002380371094,"relative_altitude_m":-0.02200000174343586},"battery":{"remaining_percent":100.0},"in_air":false,"captured_at":"2026-07-20T10:13:38.433599Z","heading_deg":104.51615905761719}