{"position":{"latitude_deg":47.3979709,"longitude_deg":8.5461643,"absolute_altitude_m":8.217000007629395,"relative_altitude_m":7.994000434875488},"battery":{"remaining_percent":50.0},"in_air":true,"captured_at":"2026-07-18T15:44:02.875598Z"}