{"position":{"latitude_deg":47.3979706,"longitude_deg":8.5461635,"absolute_altitude_m":0.23100000619888306,"relative_altitude_m":0.024000000208616257},"battery":{"remaining_percent":92.0},"in_air":false,"captured_at":"2026-07-16T21:10:43.203012Z"}